{
  "Language": "Português (Beta)",
  "Locale": "pt-BR",
  "Author": "Tradução Fiel - ChatGPT & Emerson",
  "Version": "1.0",
  "UI": {
    "File": "Arquivo",
    "Edit": "Editar",
    "View": "Exibir",
    "Help": "Ajuda",
    "Open": "Abrir",
    "Save": "Salvar",
    "SaveAs": "Salvar como",
    "Import": "Importar",
    "Export": "Exportar",
    "Exit": "Sair",
    "Undo": "Desfazer",
    "Redo": "Refazer",
    "Cut": "Recortar",
    "Copy": "Copiar",
    "Paste": "Colar",
    "Delete": "Excluir",
    "Preferences": "Preferências",
    "Settings": "Configurações",
    "Language": "Idioma",
    "Theme": "Tema",
    "Light": "Claro",
    "Dark": "Escuro",
    "General": "Geral",
    "Account": "Conta",
    "System": "Sistema",
    "Shortcuts": "Atalhos",
    "Interface": "Interface",
    "Viewport": "Janela de visualização",
    "Project": "Projeto",
    "Render": "Renderizar",
    "RenderSettings": "Configurações de Renderização",
    "Quality": "Qualidade",
    "Draft": "Rascunho",
    "Medium": "Média",
    "High": "Alta",
    "Ultra": "Ultra",
    "Custom": "Personalizado",
    "Resolution": "Resolução",
    "Output": "Saída",
    "Path": "Caminho",
    "Format": "Formato",
    "StartRender": "Iniciar Render",
    "StopRender": "Parar Render",
    "Camera": "Câmera",
    "FOV": "Campo de Visão",
    "Aperture": "Abertura",
    "Exposure": "Exposição",
    "WhiteBalance": "Balanço de Branco",
    "ISO": "ISO",
    "ShutterSpeed": "Velocidade do Obturador",
    "Focus": "Foco",
    "AutoFocus": "Foco Automático",
    "ManualFocus": "Foco Manual",
    "DepthOfField": "Profundidade de Campo",
    "EnableDOF": "Ativar DOF",
    "Environment": "Ambiente",
    "Lighting": "Iluminação",
    "Sunlight": "Luz do Sol",
    "SunIntensity": "Intensidade do Sol",
    "SunDirection": "Direção do Sol",
    "TimeOfDay": "Hora do Dia",
    "Sky": "Céu",
    "HDRI": "HDRI",
    "Clouds": "Nuvens",
    "Fog": "Névoa",
    "Wind": "Vento",
    "Rain": "Chuva",
    "Snow": "Neve",
    "Temperature": "Temperatura",
    "Turbidity": "Turbidez",
    "Bloom": "Brilho",
    "LensFlare": "Reflexo da Lente",
    "Vignette": "Vinheta",
    "ChromaticAberration": "Aberração Cromática",
    "ColorGrading": "Correção de Cor",
    "LUT": "LUT",
    "Saturation": "Saturação",
    "Contrast": "Contraste",
    "Highlights": "Realces",
    "Shadows": "Sombras",
    "Whites": "Brancos",
    "Blacks": "Pretos",
    "TemperatureColor": "Temperatura de Cor",
    "Tint": "Matiz",
    "Sharpen": "Nitidez",
    "Noise": "Ruído",
    "Grain": "Granulado",
    "MotionBlur": "Desfoque de Movimento",
    "SSAO": "Oclusão Ambiental (SSAO)",
    "GlobalIllumination": "Iluminação Global",
    "Reflection": "Reflexo",
    "Refraction": "Refração",
    "Material": "Material",
    "Model": "Modelo",
    "ImportModel": "Importar Modelo",
    "Apply": "Aplicar",
    "Reset": "Redefinir",
    "Close": "Fechar",
    "OK": "OK",
    "Cancel": "Cancelar",
    "Yes": "Sim",
    "No": "Não",
    "Loading": "Carregando...",
    "Ready": "Pronto",
    "Error": "Erro",
    "Warning": "Aviso",
    "Information": "Informação",
    "None": "Nenhum",
    "Back": "Voltar",
    "Next": "Próximo",
    "Previous": "Anterior",
    "Finish": "Finalizar",
    "ApplyChanges": "Aplicar Alterações",
    "Add": "Adicionar",
    "Remove": "Remover",
    "Search": "Pesquisar",
    "Browse": "Navegar",
    "Name": "Nome",
    "Type": "Tipo",
    "Category": "Categoria",
    "Date": "Data",
    "Size": "Tamanho",
    "Position": "Posição",
    "Rotation": "Rotação",
    "Scale": "Escala",
    "Transform": "Transformar",
    "Select": "Selecionar",
    "Deselect": "Deselecionar",
    "Duplicate": "Duplicar",
    "Group": "Agrupar",
    "Ungroup": "Desagrupar",
    "Align": "Alinhar",
    "Distribute": "Distribuir",
    "Snap": "Ajustar",
    "Grid": "Grade",
    "Axis": "Eixo",
    "Local": "Local",
    "World": "Mundo",
    "Lock": "Travar",
    "Unlock": "Destravar",
    "Visible": "Visível",
    "Hidden": "Oculto",
    "Solo": "Solo",
    "Isolate": "Isolar",
    "RenderQueue": "Fila de Render",
    "AddToQueue": "Adicionar à Fila",
    "RenderNow": "Renderizar Agora",
    "CancelRender": "Cancelar Renderização",
    "Completed": "Concluído",
    "Failed": "Falhou",
    "Pending": "Pendente",
    "Processing": "Processando",
    "CameraPath": "Caminho da Câmera",
    "Keyframe": "Quadro-chave",
    "Timeline": "Linha do Tempo",
    "Playback": "Reprodução",
    "Preview": "Pré-visualizar",
    "Play": "Reproduzir",
    "Pause": "Pausar",
    "Stop": "Parar",
    "Loop": "Repetir",
    "Speed": "Velocidade",
    "Duration": "Duração",
    "Transition": "Transição",
    "Fade": "Desvanecer",
    "Cut": "Corte",
    "Slide": "Deslizar",
    "Zoom": "Zoom",
    "Audio": "Áudio",
    "Volume": "Volume",
    "Mute": "Silenciar",
    "Unmute": "Ativar Som",
    "LoopAudio": "Repetir Áudio",
    "ImportAudio": "Importar Áudio",
    "ExportVideo": "Exportar Vídeo",
    "VideoSettings": "Configurações de Vídeo",
    "ResolutionPreset": "Predefinição de Resolução",
    "FrameRate": "Taxa de Quadros",
    "BitRate": "Taxa de Bits",
    "Encoding": "Codificação",
    "FormatVideo": "Formato de Vídeo",
    "MP4": "MP4",
    "MOV": "MOV",
    "AVI": "AVI",
    "OutputPath": "Caminho de Saída",
    "BrowseFolder": "Selecionar Pasta",
    "Rendering": "Renderizando",
    "Saving": "Salvando",
    "CompletedSuccessfully": "Concluído com Sucesso",
    "PreviewImage": "Imagem de Prévia",
    "Thumbnail": "Miniatura",
    "Replace": "Substituir",
    "KeepBoth": "Manter Ambos",
    "Overwrite": "Sobrescrever",
    "AddFolder": "Adicionar Pasta",
    "NewFolder": "Nova Pasta",
    "Rename": "Renomear",
    "SortBy": "Ordenar por",
    "Ascending": "Crescente",
    "Descending": "Decrescente",
    "RecentlyUsed": "Usado Recentemente",
    "Favorites": "Favoritos",
    "Recent": "Recente",
    "All": "Tudo",
    "LoadingAssets": "Carregando Itens...",
    "NoResultsFound": "Nenhum Resultado Encontrado",
    "TryDifferentKeywords": "Tente palavras-chave diferentes",
    "DragAndDrop": "Arraste e solte",
    "DropFilesHere": "Solte os arquivos aqui",
    "Uploading": "Enviando",
    "Downloading": "Baixando",
    "Syncing": "Sincronizando",
    "Connected": "Conectado",
    "Disconnected": "Desconectado",
    "ConnectionLost": "Conexão Perdida",
    "Reconnecting": "Reconectando",
    "NetworkError": "Erro de Rede",
    "ServerError": "Erro do Servidor",
    "TryAgain": "Tente Novamente",
    "UpdateAvailable": "Atualização Disponível",
    "InstallUpdate": "Instalar Atualização",
    "CheckForUpdates": "Verificar Atualizações",
    "LatestVersion": "Versão mais recente",
    "Feedback": "Feedback",
    "ReportIssue": "Reportar Problema",
    "SendLogs": "Enviar Logs",
    "Documentation": "Documentação",
    "Community": "Comunidade",
    "Support": "Suporte",
    "About": "Sobre",
    "Version": "Versão",
    "License": "Licença",
    "TermsOfService": "Termos de Serviço",
    "PrivacyPolicy": "Política de Privacidade",
    "Credits": "Créditos",
    "Acknowledgements": "Agradecimentos",
    "Legal": "Legal",
    "BetaFeatures": "Recursos Beta",
    "EnableBeta": "Ativar Beta",
    "DisableBeta": "Desativar Beta",
    "Experimental": "Experimental",
    "Stable": "Estável",
    "ResetSettings": "Redefinir Configurações",
    "RestoreDefaults": "Restaurar Padrões",
    "Confirm": "Confirmar",
    "AreYouSure": "Você tem certeza?",
    "ActionCannotBeUndone": "Essa ação não pode ser desfeita",
    "ChangesSaved": "Alterações Salvas",
    "ChangesDiscarded": "Alterações Descartadas",
    "InvalidInput": "Entrada Inválida",
    "RequiredField": "Campo Obrigatório",
    "MinValue": "Valor Mínimo",
    "MaxValue": "Valor Máximo",
    "OutOfRange": "Fora do Alcance",
    "InvalidFormat": "Formato Inválido",
    "FileNotFound": "Arquivo Não Encontrado",
    "FileCorrupted": "Arquivo Corrompido",
    "UnsupportedFormat": "Formato Não Suportado",
    "LoadingFailed": "Falha ao Carregar",
    "SavingFailed": "Falha ao Salvar",
    "RenderFailed": "Falha na Renderização",
    "ImportFailed": "Falha na Importação",
    "ExportFailed": "Falha na Exportação",
    "ConnectionTimeout": "Tempo de Conexão Esgotado",
    "AuthenticationFailed": "Falha na Autenticação",
    "PermissionDenied": "Permissão Negada",
    "AccessDenied": "Acesso Negado",
    "SessionExpired": "Sessão Expirada",
    "Login": "Entrar",
    "Logout": "Sair",
    "SignIn": "Fazer Login",
    "SignOut": "Sair",
    "Username": "Nome de Usuário",
    "Password": "Senha",
    "RememberMe": "Lembrar-me",
    "ForgotPassword": "Esqueceu a Senha?",
    "CreateAccount": "Criar Conta",
    "AccountSettings": "Configurações da Conta",
    "Profile": "Perfil",
    "Notifications": "Notificações",
    "LanguageSettings": "Configurações de Idioma",
    "Appearance": "Aparência",
    "ThemeSettings": "Configurações de Tema",
    "Accessibility": "Acessibilidade",
    "HighContrast": "Alto Contraste",
    "TextSize": "Tamanho do Texto",
    "ZoomUI": "Zoom da Interface",
    "ResetZoom": "Redefinir Zoom",
    "Tooltips": "Dicas de Ferramenta",
    "ShowTooltips": "Mostrar Dicas",
    "HideTooltips": "Ocultar Dicas",
    "EnableAnimations": "Ativar Animações",
    "DisableAnimations": "Desativar Animações",
    "Performance": "Desempenho",
    "Low": "Baixo",
    "Balanced": "Balanceado",
    "HighPerformance": "Alto Desempenho",
    "BatterySaver": "Economia de Bateria",
    "HardwareAcceleration": "Aceleração de Hardware",
    "EnableGPU": "Ativar GPU",
    "DisableGPU": "Desativar GPU",
    "Cache": "Cache",
    "ClearCache": "Limpar Cache",
    "MaxCacheSize": "Tamanho Máximo de Cache",
    "RestartRequired": "Reinício Necessário",
    "RestartNow": "Reiniciar Agora",
    "Later": "Mais Tarde",
    "Updates": "Atualizações",
    "DownloadUpdate": "Baixar Atualização",
    "Installing": "Instalando",
    "UpToDate": "Atualizado",
    "CheckNow": "Verificar Agora",
    "LastChecked": "Última Verificação",
    "Beta": "Beta",
    "Changelog": "Registro de Alterações",
    "ReleaseNotes": "Notas da Versão",
    "FeedbackSent": "Feedback Enviado",
    "ThankYou": "Obrigado!",
    "SendAnother": "Enviar Outro",
    "ExitPrompt": "Tem certeza que deseja sair?",
    "UnsavedChanges": "Existem alterações não salvas",
    "SaveBeforeExit": "Salvar antes de sair?",
    "DontSave": "Não Salvar",
    "SaveAndExit": "Salvar e Sair",
    "AutoSave": "Salvar Automaticamente",
    "AutoSaveInterval": "Intervalo de Auto Salvamento",
    "RestoreLastSession": "Restaurar Última Sessão",
    "WelcomeBack": "Bem-vindo de Volta",
    "QuickStart": "Início Rápido",
    "Tutorials": "Tutoriais",
    "LearnMore": "Saiba Mais",
    "GettingStarted": "Primeiros Passos",
    "Tips": "Dicas",
    "ShortcutsHelp": "Ajuda de Atalhos",
    "QuickAccess": "Acesso Rápido",
    "Navigation": "Navegação",
    "MouseControls": "Controles do Mouse",
    "KeyboardShortcuts": "Atalhos de Teclado",
    "ZoomIn": "Aproximar",
    "ZoomOut": "Afastar",
    "Pan": "Mover",
    "Orbit": "Orbitar",
    "ResetView": "Redefinir Visão",
    "TopView": "Visão Superior",
    "BottomView": "Visão Inferior",
    "LeftView": "Visão Esquerda",
    "RightView": "Visão Direita",
    "FrontView": "Visão Frontal",
    "BackView": "Visão Traseira",
    "PerspectiveView": "Perspectiva",
    "OrthographicView": "Ortográfica",
    "FullScreen": "Tela Cheia",
    "Windowed": "Janela",
    "Minimize": "Minimizar",
    "Maximize": "Maximizar",
    "Restore": "Restaurar",
    "CloseWindow": "Fechar Janela",
    "TaskManager": "Gerenciador de Tarefas",
    "PerformanceMonitor": "Monitor de Desempenho",
    "SystemInfo": "Informações do Sistema",
    "Diagnostics": "Diagnóstico",
    "Logs": "Registros",
    "ExportLogs": "Exportar Registros",
    "CopyToClipboard": "Copiar para Área de Transferência",
    "PasteFromClipboard": "Colar da Área de Transferência",
    "DragToReorder": "Arraste para Reordenar",
    "HoldShift": "Segure Shift",
    "HoldCtrl": "Segure Ctrl",
    "HoldAlt": "Segure Alt",
    "PressEnter": "Pressione Enter",
    "PressEsc": "Pressione Esc",
    "HoldSpace": "Segure Espaço",
    "ClickToSelect": "Clique para Selecionar",
    "DoubleClickToEdit": "Clique Duas Vezes para Editar",
    "RightClickForOptions": "Clique com o Botão Direito para Opções",
    "MiddleClickToPan": "Clique do Meio para Mover",
    "ScrollToZoom": "Rolar para Aproximar/Afastar",
    "ResetToDefault": "Redefinir para Padrão",
    "CollapseAll": "Recolher Tudo",
    "ExpandAll": "Expandir Tudo",
    "SearchHere": "Pesquisar Aqui",
    "NoItems": "Nenhum Item",
    "LoadingMore": "Carregando Mais...",
    "NothingToDisplay": "Nada para Exibir",
    "ViewAll": "Ver Tudo",
    "ShowMore": "Mostrar Mais",
    "ShowLess": "Mostrar Menos",
    "SelectAll": "Selecionar Tudo",
    "DeselectAll": "Deselecionar Tudo",
    "InvertSelection": "Inverter Seleção",
    "CopySettings": "Copiar Configurações",
    "PasteSettings": "Colar Configurações",
    "Compare": "Comparar",
    "SyncSettings": "Sincronizar Configurações",
    "ResetLayout": "Redefinir Layout",
    "Customize": "Personalizar",
    "Workspace": "Área de Trabalho",
    "DefaultWorkspace": "Área de Trabalho Padrão",
    "LoadWorkspace": "Carregar Área de Trabalho",
    "SaveWorkspace": "Salvar Área de Trabalho",
    "ImportWorkspace": "Importar Área de Trabalho",
    "ExportWorkspace": "Exportar Área de Trabalho",
    "ApplyTemplate": "Aplicar Modelo",
    "SaveAsTemplate": "Salvar como Modelo",
    "TemplateName": "Nome do Modelo",
    "DeleteTemplate": "Excluir Modelo",
    "ConfirmDeleteTemplate": "Confirmar Exclusão do Modelo?",
    "TemplateApplied": "Modelo Aplicado",
    "TemplateSaved": "Modelo Salvo",
    "TemplateDeleted": "Modelo Excluído",
    "ImportSuccess": "Importação Bem-sucedida",
    "ExportSuccess": "Exportação Concluída",
    "ConfirmOverwrite": "Confirmar Substituição?",
    "OverwriteSuccess": "Substituição Concluída",
    "InvalidTemplate": "Modelo Inválido",
    "LoadFailed": "Falha ao Carregar",
    "SaveFailed": "Falha ao Salvar",
    "NameRequired": "Nome Obrigatório",
    "NameTooLong": "Nome Muito Longo",
    "DuplicateName": "Nome Duplicado",
    "InvalidCharacters": "Caracteres Inválidos",
    "Welcome": "Bem-vindo",
    "StartProject": "Iniciar Projeto",
    "OpenProject": "Abrir Projeto",
    "RecentProjects": "Projetos Recentes",
    "NoRecentProjects": "Nenhum Projeto Recente",
    "ExitApplication": "Sair da Aplicação",
    "AreYouSureExit": "Tem certeza de que deseja sair?",
    "Goodbye": "Até logo!",
    "SeeYouSoon": "Até breve!",
    "HappyRendering": "Boas renderizações!",
    "ThankYouUsing": "Obrigado por usar o D5 Render!",
  "Tooltips": {
    "Save": "Salvar o projeto atual",
    "Open": "Abrir um projeto existente",
    "Undo": "Desfaz a última ação",
    "Redo": "Refaz a ação desfeita",
    "Render": "Renderizar a imagem ou animação",
    "StartRender": "Iniciar renderização com as configurações atuais",
    "StopRender": "Interromper renderização em andamento",
    "Camera": "Ajustar posição e configuração da câmera",
    "Environment": "Controlar iluminação e atmosfera da cena",
    "Material": "Editar propriedades do material selecionado",
    "Model": "Importar ou manipular modelos 3D na cena",
    "Lighting": "Gerenciar fontes de luz e intensidade",
    "Exposure": "Controlar a exposição da câmera",
    "WhiteBalance": "Ajustar o balanço de branco da imagem",
    "GlobalIllumination": "Ativar iluminação global para realismo",
    "Reflection": "Ativar reflexos em superfícies",
    "Refraction": "Ativar efeitos de refração em materiais transparentes",
    "Focus": "Definir ponto focal da câmera",
    "DepthOfField": "Ativar profundidade de campo para simular foco real",
    "Play": "Reproduzir a animação ou vídeo",
    "Pause": "Pausar a reprodução",
    "Stop": "Parar a reprodução",
    "AddToQueue": "Adicionar render à fila",
    "RenderQueue": "Visualizar e gerenciar fila de renderizações",
    "ImportModel": "Importar arquivos 3D para uso na cena",
    "Apply": "Aplicar alterações realizadas",
    "Reset": "Redefinir para valores padrão",
    "Close": "Fechar a janela ou painel atual",
    "Account": "Gerenciar informações da sua conta de usuário",
    "Shortcuts": "Configurar e visualizar atalhos de teclado",
    "Preferences": "Ajustar configurações gerais do D5 Render",
    "Interface": "Modificar opções da interface e idioma",
    "RenderSettings": "Definir resolução, qualidade e formato do render",
    "Timeline": "Gerenciar quadros-chave e animação na cena",
    "Keyframe": "Criar ou editar um quadro-chave de animação",
    "Add": "Adicionar novo elemento ou configuração",
    "Remove": "Remover item selecionado",
    "ExportVideo": "Exportar a animação como um arquivo de vídeo",
    "Volume": "Controlar o volume de áudio da cena",
    "LoopAudio": "Ativar repetição contínua do áudio",
    "ImportAudio": "Importar arquivos de som para a animação",
    "Speed": "Velocidade da reprodução ou animação",
    "FrameRate": "Taxa de quadros por segundo do vídeo",
    "OutputPath": "Selecionar pasta de destino para exportação",
    "Export": "Exportar conteúdo (imagem, vídeo ou modelo)",
    "Login": "Entrar com sua conta D5",
    "Logout": "Sair da conta atual",
    "CheckForUpdates": "Verificar se há atualizações disponíveis",
    "RestartNow": "Reiniciar o D5 para aplicar alterações",
    "Help": "Abrir o menu de ajuda e suporte",
    "Feedback": "Enviar sugestões ou relatar problemas",
    "Documentation": "Abrir a documentação oficial do D5 Render"
  },
  "Descriptions": {
    "Bloom": "Efeito que simula o brilho ao redor de áreas claras da imagem.",
    "MotionBlur": "Desfoque causado pelo movimento de objetos ou da câmera.",
    "SSAO": "Oclusão de ambiente baseada em tela, cria sombras suaves em interseções.",
    "LUT": "Tabela de consulta para correção de cor. Aplique estilos visuais com precisão.",
    "Sky": "Adicione um céu HDRI para simular iluminação ambiental realista.",
    "Fog": "Adiciona névoa volumétrica à cena para criar profundidade.",
    "Wind": "Simula vento em objetos como vegetação ou partículas.",
    "HDRI": "High Dynamic Range Image para iluminação baseada em imagem.",
    "Vignette": "Escurece as bordas da imagem, direcionando foco para o centro.",
    "ChromaticAberration": "Simula distorção de lente em câmeras físicas.",
    "Sharpen": "Aumenta a nitidez geral da imagem renderizada.",
    "Noise": "Adiciona ruído/granulado para efeitos cinematográficos ou realismo.",
    "Contrast": "Ajusta a diferença entre áreas claras e escuras.",
    "Exposure": "Controla o quão clara ou escura a imagem parece.",
    "Saturation": "Define a intensidade das cores na imagem final.",
    "TemperatureColor": "Ajuste da tonalidade entre quente (laranja) e fria (azulada).",
    "ColorGrading": "Conjunto de ajustes de cor que afetam o tom geral da imagem.",
    "Focus": "Define o ponto onde a imagem estará nítida.",
    "AutoFocus": "Permite que a câmera ajuste automaticamente o foco.",
    "ManualFocus": "Permite ajuste manual do ponto focal da câmera.",
    "Refraction": "Controla como a luz se dobra ao atravessar materiais transparentes.",
    "Reflection": "Define o nível de reflexo em superfícies espelhadas.",
    "DepthOfField": "Simula o foco seletivo com desfoque em áreas fora de foco.",
    "CameraPath": "Trajetória da câmera para animação de movimentos suaves.",
    "Sunlight": "Define a posição e intensidade do sol na cena.",
    "ShutterSpeed": "Controla a quantidade de luz capturada e o desfoque de movimento.",
    "ISO": "Sensibilidade à luz da câmera. Aumentar ISO clareia a imagem.",
    "Aperture": "Determina a abertura da lente — afeta exposição e DOF.",
    "RenderQueue": "Lista de projetos agendados para renderização automática.",
    "RenderNow": "Inicia a renderização do projeto atual imediatamente.",
    "LUT": "Aplica uma curva de cor predefinida com base em um arquivo LUT externo.",
    "Fog": "Controla a densidade e cor da névoa atmosférica."
  }
}